,A,B,C,D
0,-0.5346590116335774,1.8929764055150842,0.3771651158357655,1.8659242981092952
1,0.20192603864373915,-0.12384203795052971,2.984272021134969,0.6273296961710244
2,-1.1958054964173206,-1.1519303642389034,0.1396086477590317,2.5821629096471415
3,-0.9001602067526835,0.6711164440178047,-0.18958680435719155,2.4961756309064103
4,-0.21844532835092845,-1.5509087351606061,1.2235040677530549,0.642530379079703
5,1.115790063318347,-0.33679907500725975,1.2835573194318592,-0.12167632217789981
6,-1.2704756416445444,1.3528302209912089,0.3523506980931078,0.8766384796388855
7,-0.022450891519259386,0.4901336580271675,1.4829365809894388,1.5049853162251532
8,0.12000039409011864,-0.10784691525431418,0.5909227102065813,3.6076859429595434
9,0.21200316706964228,0.3383937830018761,1.1150336274710644,1.4417056191315747
10,-2.5302780153983857,-0.21615958972549568,1.2387809250128534,1.0888496608882925
11,0.6269660702241484,-0.10063768601638727,2.0974774818793733,2.600780921963693
12,-1.642270048633554,-1.8461533571651534,0.8281826124134513,1.3935774757492516
13,-0.5134272511237241,-0.017809242529920343,0.31462468408911626,1.9021048320370026
14,-0.9085711975104835,0.6616075513243665,0.4435661536785037,2.7139934071130964
15,-0.7189925710385967,0.5213513129379483,1.6708184819349876,0.8781996825601002
16,-0.905437983084335,0.5764918447149047,3.898238876820746,2.546712463027693
17,0.059421003970088426,1.2957094358829158,1.0739540162434804,3.3910422690405286
18,0.20091394557763853,1.4279615698799417,0.9641434171330903,1.3614658910341295
19,-2.8092411914416004,-1.196053794773249,1.789297421091043,2.7406367004031558
20,0.6111953271502957,-1.0984646891416585,2.5474736792244554,1.927991234665378
21,-0.5082194005457276,0.3017171119150386,3.5879516407769128,2.3257388667769603
22,-2.802740426373146,-0.8596265521694278,2.680891239176641,3.0472121704632333
23,-0.6620271709680983,-1.1547166494445122,1.1339546001373564,0.5165675669161764
24,-1.3820769264093609,0.24446497249932247,1.5670675126534532,1.1803821589179306
25,-2.356831150753695,-0.8085493256983722,1.1427638211060576,0.1615725128853116
26,-0.26072704112675804,-0.05024194382635495,2.3135862609067455,2.527231167873627
27,-1.8335702566618104,1.201840781301863,1.481378885825745,-1.4904835777712906
28,-1.360821432447704,1.593452307818316,2.10777965649541,1.9169383037968226
29,-1.1990523966219964,0.19783138056965738,0.5081955869128225,2.7702342967565077
30,-0.6178422752852386,0.595692268595493,2.598939778669473,2.181227737237074
31,0.2730905569240203,-1.1824309986781436,0.4948610108887912,1.3946898098401297
32,-1.9511053224799246,0.590452577548251,1.0605212800206716,1.045723985725493
33,-0.9696815735693103,1.9757195983037483,2.381813524075491,1.6960438380577858
34,-1.4563710540322163,0.03700181083614076,0.754333864073716,2.213322204874511
35,-0.7709189031160142,0.08291281894008143,2.1217901406872905,1.8306476866921058
36,-0.4242351095922552,-0.08682898839003299,0.4364949506617062,0.7364137020000516
37,0.24251726408324048,1.4453602169841566,0.7293998895721611,1.8586499472899694
38,-0.2739836568330717,-0.1525248067810643,0.9766981285658779,0.2413840142157151
39,-1.6654446845973925,-1.1756703127326549,-0.7797374759170113,0.41218930337736626
40,-2.135780331350702,-1.1268601442834076,1.417522270542767,2.178840862088514
41,-0.8562453207603143,-0.16921009951539298,1.7123389719054818,2.0902635400701874
42,-0.25640235946416967,-0.4511369241469336,2.6351687781843705,1.0640261988136315
43,-0.6373668760300606,-0.6780525695531681,-1.1527107589819363,2.1401805659602555
44,0.10343319198652368,-0.5878502368698234,2.716748726664738,1.6098178248608184
45,-2.5344059299743065,0.17275049924757563,2.2510631133150945,3.196732510433005
46,-0.6187981562214324,0.6864879756161987,1.121087043947447,2.328337511111488
47,-0.5345296566041426,1.7896322626900514,-2.05660983302566,2.078900187866371
48,0.5178802517740597,1.7726876352912972,1.3326676017572576,3.072267573521745
49,-1.1691612562972828,0.6137770217619177,1.095132600843704,2.69254467280555
50,-1.552630892676087,0.18938223206029006,-0.8552138634571602,2.2163919085706545
51,-2.1847238721750077,1.383829497693013,-0.7306576897727366,1.4151856858865282
52,-0.1690471780317131,-0.8029433058455847,2.193744891209719,1.5394639005704485
53,-1.5465434692704192,-0.6717208615954248,1.0573068786883373,3.0153516443441832
54,-1.3406193601300238,-0.22598734274677074,1.5266905081924267,1.041283183828066
55,-1.1183318888122762,-0.7078258116703983,1.9713623657553005,3.4916879265854566
56,-0.030579176381549833,-2.2680012124025164,1.7913938460313126,1.6576535682603746
57,-1.0819706865354846,-1.3781694520200767,0.5000849448128348,1.8450719398550468
58,-1.0075421224471381,-0.7114732877486056,-0.3714931435628528,1.8854035907126308
59,-3.378616936670317,1.1730740385629002,-0.36610906037736046,3.1270129633799995
60,-0.8875213180348981,-0.8155847941617871,1.7315561883272297,2.363993311713997
61,-0.6681031579059118,1.9751408274821454,0.4445020253473029,2.3608920547488754
62,0.023585145162706933,0.6937796662238338,0.02623697462331087,1.3524108422753116
63,-1.1946158780908256,1.7474584637934187,0.7037999848808492,2.3503040429696034
64,-0.9631959926586559,-0.2342557393435924,1.8338729387071178,1.9646465240256596
65,-0.14633778972081546,0.7312875051446236,1.469082354565455,2.1018951881818504
66,-1.7670203140644867,1.2410220070119848,1.2382106366850985,1.9310800451385504
67,-1.2441046642976408,-0.5947244047625804,1.479479606934469,1.6033317681041273
68,-2.010641367206846,-0.5755745429298023,1.8278261289031397,1.4486193020686633
69,-2.296087647129255,-0.6396025930391189,0.10430843730872863,1.4045369940747463
70,-1.9625769691735708,-0.3325544836862882,0.8897421470292229,1.3069887694918503
71,-0.572640079070634,1.3547773857303584,-0.5209018571044803,0.40284879990386546
72,-0.828327616137281,0.13526749915051528,1.5991731590182225,1.8057865684995678
73,-2.2559306081944217,-0.5862609748133325,2.0858720022276867,2.770219861645511
74,0.6299351786013951,-0.6197167540111718,-0.8743087926144337,3.625559434899368
75,-1.9402180709560943,0.4507890978802314,2.8710812276682987,2.5704950244254645
76,-2.126227282448659,0.9159434318450675,1.5550927222439808,2.3226780310214297
77,-0.9325640991662223,-0.42813889904720226,0.7055163715825027,2.784733925605797
78,0.17577222068479625,-1.550098922565936,0.13920251990493626,2.0736009052166655
79,-2.1121760212183927,2.8396379210360942,1.1196957341907814,2.2167739706928997
80,-1.2475715275041894,-1.2608352656845379,1.0188418225462728,0.8841877937838458
81,-0.5751267425974219,-0.4668207657111451,0.24494253677174482,1.276633397501303
82,-0.8428071772605427,-0.4412559654572272,2.007930214358435,1.0489673276561422
83,0.5854098490256401,1.1006376704899568,-0.19342204622346704,0.2747630657906137
84,-2.8216576677500473,-0.40316801076673703,1.8199214373206543,-0.42838318135291686
85,-1.5733324192793257,-0.15416761742749774,0.8286307195526896,1.2710823120399126
86,-0.07568272543979826,0.9056933305539537,1.7225846541955612,1.9064979004000877
87,0.2999262956552895,0.13580423281890305,0.08443293016316433,1.6691352003102278
88,-1.3757614259335869,1.0328227026903802,0.22014377989972012,0.16223868021190202
89,-1.4334718262783102,-2.264772325206448,-0.4817915968211228,2.3301460297826035
90,-1.1952393074775305,-0.8309339821487982,1.1457948237276867,2.0423855788129504
91,-0.7272257354876445,-1.7848843794843687,1.1240124302734897,1.584363778593553
92,-3.415533902519588,0.870346459709642,0.1092129935833075,2.7969084838774756
93,-1.1516602567828043,-0.05046022643178624,0.8991076257934953,-1.7415924167429284
94,-0.2747468239889713,-0.36692340098971876,2.6765884605696733,1.8329785723902254
95,-1.0348220512847024,0.28417332838507886,1.9507327863008284,2.0909579548965778
96,-1.043506024533237,-1.3969241891074655,1.520712301276487,0.5856162046455078
97,-1.6654739032485484,-1.9624799733299159,2.213740414598441,0.8483691546064918
98,-0.9499967437930817,-0.009023683166979475,1.5302655493629813,3.5113123500597774
99,-1.2646506709778131,2.7819744930074086,1.7343000213484783,2.285090887519888
100,-0.954380845741522,0.32618191172989897,0.1736261136885826,1.8957210896707912
101,-0.3347904131135754,2.6695075609005587,0.7395792506184385,2.607726826639273
102,-2.1452135335663884,-0.927337714158901,1.3632923898525533,2.355004584140752
103,-1.578347626221185,0.16370197197504738,-0.38472555588211055,0.6799533707294136
104,-1.8582360142899952,0.7870499181717948,1.763659918180036,2.293122212952483
105,0.53522348621866,0.6431898148472839,0.5047053473672722,1.715539606898067
106,-0.5452178009624273,1.7468373023782309,1.7403192934432061,2.3188047939437744
107,-1.5265403242194084,0.1500276430864358,0.8929146094509886,1.1914544014186144
108,0.28872777654149195,-1.1741900391362536,0.3968219467230496,2.2800865494320837
109,-0.5734018446541528,-0.28274930431824186,2.651030986292061,3.4504958543756428
110,-0.5019079360462435,0.5298553650373393,2.2960486111812215,1.527579791863116
111,-1.9011787391282438,1.3155165900372168,-0.13478562631784508,2.6131274656074015
112,-1.5629398451327834,0.15565829050027472,1.4214963078634282,0.28880816057326886
113,-2.169088428682993,0.1846753414830117,0.5059677545383424,2.218331045778461
114,-0.8422113899453314,0.6306309007668414,2.2551913227644524,3.7905124125413456
115,1.218409955739567,0.13761493768626207,-0.19077344926965578,1.8117409165728322
116,-1.330487215789027,-0.7439924821454557,1.2901333036684481,1.253200982302764
117,-1.0478370363357572,-0.9375052287135872,1.5315936998423323,1.4772978683824616
118,0.7734711746963785,-0.38726596062511454,-1.5294286852231211,4.122844344956105
119,-0.9752561801761537,0.4083049304730817,0.973233209211436,2.612313650669119
120,0.01899989287790982,-1.4065714854164855,1.9233644102768537,2.2552435222463956
121,-1.356216830211114,1.7952437907959535,0.6713490580476201,1.599482505408477
122,-1.2709872636490291,-0.23503981941068217,-0.3637980485027916,1.9691798347678744
123,-0.19941121299278197,-0.026008465042350732,0.916630422466097,-0.6116381051213104
124,0.14176499150478095,2.9365941286893857,0.6078287086134284,2.4818360368297023
125,-1.5759114768397544,-0.7915806459018889,0.550591617234644,2.018266997293669
126,-0.14607094098006723,-2.040554553221719,0.7043792321111755,2.960110544670032
127,-2.725092169667777,0.35586202012467555,-0.2383978104605151,3.1131622986873504
128,-2.2426554005928585,0.1856635997106158,2.259679638089324,2.0472131287205837
129,-0.9955071432923716,0.5193284717942801,1.689912727027203,1.4189669588614457
130,-0.7941168079452153,0.19758873865435675,1.1942467879314733,3.5610798727198203
131,-0.6616847560374324,0.07825617838803424,1.5032907024034599,2.3973094048848904
132,-0.49963103380432783,-0.7025588380682322,1.9958706402289197,0.9563337626330324
133,-0.9006280626202076,-0.7144645017252403,-1.1964925115005234,3.6636706823376537
134,-0.4802240040890029,-0.5985534058489063,0.8039602415033893,0.06612776946470333
135,-2.266105521906765,0.3249904009061105,0.5850737320607284,1.3321170224520364
136,1.054249601464825,-2.0281062776732632,-0.5391670993116959,1.6937434866789358
137,-0.34610558933019087,2.4802599677178896,2.5500357191492875,2.6420379589770033
138,-0.8889929531790166,-1.4143055284386097,0.7188102921303487,2.5547053383343115
139,-0.815247243005463,1.0744611697615556,1.9805212442421753,2.814566100636474
140,-0.9964647778441095,-0.49679280507511514,0.3428115389353884,2.0462694474278798
141,-0.5386768999088967,0.03536358177937117,0.9902061370261211,1.6170714312198868
142,-1.5349066207787911,-0.9262260162130734,1.150159696669967,1.6737068161693793
143,-0.5884017894906465,1.7954748350032683,0.28426535902429717,0.931757333706271
144,1.153248265749058,-0.6788846961666377,2.4778141919510213,1.6757725386132807
145,-0.7715832134249458,1.5401909086892032,1.6461717607365625,2.437965916525517
146,-1.326614316138329,1.2036356405404551,1.4985768794806615,1.9832357778876304
147,-0.037994246671370524,1.4118960188456184,1.9719179520163896,0.8667614491120827
148,-1.8798287575881671,1.4718941532538397,0.43272694950881707,0.9542881631681106
149,-0.9581505010640257,-1.2773105568996064,0.21970731474370364,2.052687285678247
150,-0.41890363388822605,0.03906140945990892,-0.3483354975277666,2.0777433622423542
151,-1.0703420781571569,-0.6090033419781828,1.5252051265620876,2.6844454003175464
152,-1.6692428043062277,-0.7237984734685413,1.4318820281736078,0.2959240467911983
153,-2.2539265434398192,-1.4019671943820338,0.9918256039799009,3.2243397102240126
154,-0.5402844876161923,-0.2333595944262148,0.09267890480895113,3.237219260669005
155,-3.047093736225622,-1.0090407738594263,0.08604866025095603,0.9000053873259071
156,-0.3789806202229342,-1.085507732253066,1.1487157411922901,2.220196994259399
157,-0.2978458452291771,0.8779648621545846,2.9834355412398557,2.2607676822947846
158,0.6659440295488483,-0.09589275652043422,-0.0805647871277686,2.472770686029066
159,-2.000999237419614,2.576186607775028,0.95230528901347,0.7080446332709758
160,-1.8746116265521495,0.4072214909867012,0.7872874655632408,1.8878187229518086
161,-3.2614502347696797,1.7837927746834212,0.38789417321186803,2.6781582840840317
162,-1.623993307370565,0.40615875086402736,0.024497519666688783,3.501790082273898
163,-0.40016787814094723,-0.5812374433536555,3.7577840797702566,3.1038425583066163
164,-0.17640523222672477,-1.056514352029175,1.0430026476730345,1.8846355050294357
165,0.761993264531317,0.7113862755983753,0.9594316227968955,2.3185506275086034
166,-0.8530630470955628,-1.3858342540939295,1.1525252976950813,2.5183435352664487
167,-3.290719053763348,-1.1283254359944273,0.4032794032407987,1.7182275645015612
168,-1.8125174458184108,-0.40907436845544776,0.7876418131467866,0.1257095497380516
169,-1.2402087535077773,-0.7001746204778024,2.0731777859636846,1.9913258379592007
170,-2.6639162496290494,1.7990494959873944,-1.1169995971122484,1.150304812474201
171,-1.5849410923505274,1.685593577366274,-0.36982975793978,2.7703741214210966
172,-2.979571650828868,-1.9328067807483675,2.0052676025160405,0.6875999949043357
173,-1.6728426027437366,-1.1047176174592401,0.4448315557865602,3.208153132512761
174,-1.54204784110093,-0.6406990352742179,1.9255639731621068,0.06548286198845998
175,-0.5422463408106903,1.3359969043787188,-0.3654365834069515,1.1136418657394644
176,-3.398317071357888,-0.5627107820860099,0.2429630527274489,2.866104447680879
177,0.6076165007769929,-0.20389766327466116,0.6912689418838052,1.3749901661140203
178,-2.1558025423959473,-2.2105034272545976,1.8337526004641946,2.4691336770131387
179,-1.432399788408385,-0.5776266207222708,0.3047689226621285,2.599144118918538
180,-2.2029021772396247,-0.5768651228792224,1.3805413176288481,1.5195102843413941
181,-1.5636789067759058,0.5102181454514051,-0.007651903713242758,3.3529500670665957
182,-0.7639570214382054,0.5485754338574723,2.042366611904654,-0.1303808499390673
183,-0.32571944801984676,-0.4371133899896406,-0.600319571325826,1.9914213756390304
184,-3.3351699080523187,0.04641942526487724,0.6533816298180647,0.2773641613132538
185,-0.21827675682250736,-0.02685763838167462,0.6084253998647462,1.5020933614806802
186,0.025367914115220547,-0.022819895240773734,0.3874676105391148,1.9738538108438899
187,-0.9236254640092718,0.8990868961395844,1.1791412062048723,2.0242533033372934
188,-0.8160688530827296,-1.354397512888329,0.41613495322781424,1.2040712000552702
189,-0.25169073702748224,1.1017521737746099,1.5430236475771202,1.4510949747042308
190,-1.818920631168728,1.2302167487302331,0.3848387887643807,1.183689859124008
191,-1.4874442771179888,-0.5454438229266477,0.5905808492120876,2.019353034793991
192,-0.15649349582715755,0.32695578413958215,2.1123842226310483,2.342233271300752
193,-1.9437967315626268,0.9672747039881535,1.6341513211919314,2.1404260890081996
194,0.3874712738645363,-0.8185352339372514,1.1794152086780356,1.4638195660146702
195,-1.4253106692864599,-0.203333322022703,1.920417247812142,1.6830085269977637
196,0.03270235766006091,0.01706603939218563,1.2222115322364517,3.5647270106379567
197,-0.6132218128241056,0.9708808731333208,0.7246829277887893,1.0889175878838202
198,0.09616964630843383,0.3508547513968139,2.105717922578858,1.8641559817564728
199,-0.5065720355277321,-2.0103056021877888,-0.007454910471741627,2.3378589661761957
200,-0.9384023154115296,-1.6703530878711041,1.9695898496117168,2.289193990300816
201,-1.1768576835810578,0.8214864370501735,1.337894486397372,3.0800683674841225
202,-1.8230238604120284,0.19522798726519053,0.19017174839023454,1.2480270162005132
203,-0.9580788201183361,1.6121655508895512,1.3383291676991629,2.8726603832375646
204,-0.3032744062796736,0.9952973512199557,2.574025477653623,1.7076841432371492
205,-0.7759621637440215,2.304012010693355,2.802361643965437,1.7770402133956882
206,-2.5453780547247433,-1.2338879015925472,0.6640650357299149,0.8801069394732739
207,-1.3998000578781122,-0.3958766214406823,0.2712774661538184,1.7209379218222385
208,-2.0660110129699873,1.146393177042518,1.4424991708403936,1.4555816743031391
209,-0.7923993178719807,-0.37525341783535615,-0.21796291544620794,2.4236514923182573
210,-0.8349976719767519,0.8457086456905447,0.24544692774689847,1.8456831318361726
211,0.2892624783113167,-0.2750873472800308,1.3695179558583965,2.080477921252984
212,-0.7569653136914091,-0.15181603232223484,-0.14849052514106464,3.1787664220389398
213,0.2698807366828504,-0.32720621314904197,1.4475501399180961,1.5440989152174658
214,-1.1533705200367297,-0.9203753590553011,0.8028181877064584,1.762943366817112
215,-0.4801149648538465,-0.5270804357230015,0.6133858019835735,1.1076842519521095
216,-2.097365705729158,-0.20488321382622224,-0.045399583123088894,2.323732288745013
217,-2.561442189444106,-0.05600823085111545,1.0829678355310777,1.7286630865919583
218,0.38837780013444156,1.3031802577605576,0.6471570819886907,-0.09032648144284883
219,-1.0515411536844976,-0.5156919806630069,2.841598528617346,2.8196609454047477
220,-1.2458713836256023,-0.3855554032370485,2.533742857686268,1.388666852643514
221,-0.7215251428418477,2.476217325652391,1.1041697962218036,3.1514466802497525
222,-1.3300937803315573,0.08045866923918607,1.4360009642455096,1.434684220761029
223,-1.758296127493215,1.391902997661977,1.113509549211316,2.0009178587185366
224,-1.60819498827965,-1.8431496339735889,2.436588460345086,1.7626611750599466
225,-0.9980868114612308,-0.7219891933776192,0.3506792339529201,1.5010364035306383
226,-1.3575432253962139,-0.33195652676638543,0.14999703725274893,2.681984783994487
227,-2.6632504896785774,1.351724290577961,2.3769034210583113,1.7826620648383846
228,-0.6345510249230992,0.45251529651476174,-0.4726816234317477,2.3938714606450304
229,-0.5980173878719208,-1.8363104270497403,0.32356623771282067,0.581943029838079
230,-0.726471617476917,0.6538408802873572,1.030794403806823,0.719367680454976
231,-0.8663420055859742,-1.068762857980939,-0.5164840291017505,2.885407517929321
232,-0.49572084488090995,-0.5695498131460116,1.6698440763080884,4.879368076685097
233,-0.7562504613376815,-1.6999197107433095,1.565255644362935,2.3361696972752264
234,-0.40639225384394684,-0.09915820659243793,0.21126784530378795,4.1962123088141166
235,-1.6592280687542351,0.9451096479870922,-0.5301315383920344,2.440721298426812
236,-1.2594262547596062,-0.2909652042980391,2.1086965779461417,0.8968189491925025
237,-2.274954099428042,0.15930261839258808,1.8861584401630664,1.5258844087634518
238,-0.9689305734769682,-0.48951727615899515,-1.4040228574364297,-0.7853611625005494
239,-1.4256655926794268,0.2605804905762255,0.15554279769249546,1.6699344374011182
240,-0.5770740163920156,1.7879133468407933,1.6618369804285957,1.4150469402745665
241,-1.5158537001701657,-0.09071700775334385,1.5780084817840425,1.90565896123837
242,0.5845499661171323,-0.8884765445456286,1.1520963646587947,1.6282840202988376
243,-1.6031530237372253,0.44087910346675624,0.48552669518318736,0.8977253802368899
244,-0.44540623611805086,1.1601729992609149,-0.8346804941563926,1.895337322776665
245,0.14157618267300398,-0.5466928421261265,1.928048690961334,1.972019184278467
246,-1.473229993181092,-0.7824412145291254,0.7853068632447536,2.7471409114787786
247,-0.4169919551725254,-0.12904331333723768,0.11920628293239321,2.567207950208438
248,-1.2535704621120805,-0.07857664345259896,2.1426908236066446,3.0838771188124294
249,-1.3062147149369077,-0.3243759307089587,0.6810163527251789,3.56774890009183
250,-0.18511844909955322,1.4502850596949821,3.7435271162974266,1.8262708214193426
251,-1.633133825187314,1.1817285163236244,1.1672914867591946,2.7647427926489097
252,-0.9554488445451493,2.3588363424337793,1.8933157057259464,2.934719789758622
253,-1.2726733491589541,-0.09790683662413965,0.01866544087304789,0.004805911509665695
254,0.0311721327630059,-1.6897718460806226,-0.7252453883358077,2.7828130831947826
255,-0.9087515794440021,1.8386349739031829,1.1007812265263053,1.2096186287138297
256,-0.5074101979701606,-3.1909331484681323,1.5565127742472438,2.453484157345345
257,0.14510254818462265,-1.4011416058647428,-0.36876530233871074,2.714144564717889
258,-1.8031795887019413,-1.096235976730421,-0.015699098889425445,2.1641806614181283
259,0.3224569679438347,0.4827771766431462,0.544824501935113,2.0887198180596536
260,-1.490966089620176,-1.2858248936616932,-0.53929591971312,2.769172422515334
261,-1.6770631236198432,0.2704747669333862,0.40244654407778147,1.1840517091376288
262,-0.9870111268257343,-0.027422530475967655,0.3502501627022304,3.541413858598567
263,-0.9809515291066037,-0.48321644327036845,0.2810627046611891,2.591196561462099
264,-3.575874685971612,0.33617443464200353,0.9104724581197733,1.1543931992094485
265,-3.1799435393652584,-1.2028704850954905,0.23452435909386193,0.3030377192659546
266,-1.3279587321013433,0.7042556662440699,0.42102435688229256,2.1370068303210834
267,-0.19468860237564867,-1.7127864369115178,0.34456834846237117,2.094164487927019
268,-0.46720895302800947,2.1639041838745565,0.6229244887895968,1.6453451996295578
269,-1.386927788469027,-0.6163425564692695,3.350037016983075,1.3684294245297797
270,-0.20378463142459935,0.6119453844706153,-0.7213732366492813,1.6321206257787582
271,-0.4768109187025683,-0.2295620998883414,0.057262825772739334,1.6262167700228476
272,-2.1627654903948628,-1.6017614508969364,1.9939001239789658,-0.3855915351126411
273,-1.2687762627145227,0.5811884769154797,1.222973430458287,2.726657026425257
274,-2.8868546656009917,-0.6573162018873533,1.2668103651058225,2.2505194345289077
275,-0.8789183492635038,1.2484359737270798,-0.9633276232018186,0.39479863878514077
276,-0.6123505127904678,0.9054929063291756,0.524522645575795,-0.5520746158713528
277,-0.9170876715919473,0.2905249342092289,0.74457082966662,2.076777874697921
278,-0.7458723560080576,-0.4617808514924651,1.2133194770896487,2.6742298561791875
279,-3.5274390445223753,0.859561861018827,0.561718743713878,1.852339485477105
280,1.1035648225818484,0.7852648652810015,0.4688229518391578,1.725897397295304
281,0.2129971871952825,-0.09530048907938812,0.3863709904493817,1.5931624136233216
282,-2.576953713893758,-0.6819855455739178,1.2972350637087635,3.048222983609572
283,-2.963481093940022,-0.04861060016501262,0.38268709764127784,0.7483918848436457
284,-0.939979820488486,1.2895900946160566,1.1161222499542007,1.004751949886391
285,-1.6138001611487698,-0.5699447583701855,1.2747797731286896,2.232790966482509
286,-0.5079315481310238,-0.9015764048859483,0.5971296262513328,1.6923287777949603
287,-0.4459526408137934,-0.7848045975610666,0.9284680065370118,0.7047331814256577
288,-2.2559789518685767,0.0811624176933607,0.7846887364145101,3.5763034655927073
289,1.950218177962122,-0.2994850403301025,-1.3712612921870262,2.9465172005573916
290,0.23154104164772593,1.1213168517550665,0.7897403390030954,2.9217919054625514
291,-2.7109373881099548,-0.9067342244470346,1.7529093149222135,1.1922199544514385
292,-0.4756749303419714,0.030589848998935694,1.3040183423616116,2.8506658361039365
293,-1.8856990208664857,-1.124573653088084,1.087002164133199,1.309630332974535
294,0.45746353395239914,0.8867417824375907,0.1357426864656056,1.945457687423812
295,-0.900540854415235,0.377743102558347,-0.2572569613340583,1.9628622745819564
296,-1.037682739470967,0.12502497823076106,-0.6365958714003417,4.5597608097032385
297,0.01807587390677101,0.6320268024888195,0.5010392438992459,1.9305701469136052
298,-0.026186481878561096,0.5333813386266741,1.5981253568872418,2.7539675698052353
299,-1.4178911503796114,0.40240801593604036,0.4321811513566939,0.6818690307461994
300,-1.2261481633528495,-0.3866305679024072,0.5140563481093003,3.137006149816849
301,-0.31038580202389265,-0.5004510230458243,1.2146135197619359,2.2353851729133787
302,-0.2289102510309945,0.5265792157582433,-0.6933886916254639,3.455469338554642
303,-2.5079269431980133,-1.7062603723638892,-0.2763300687173542,1.1006014256442047
304,0.10807465719696396,-1.0851729954034253,0.5732292006124633,1.0778819408762663
305,-0.9872335763432669,0.8724200273263134,1.1135804618719054,2.939994579177792
306,-2.384480916823083,-0.4553159026138354,1.562025078439778,2.5005120219199877
307,-1.8134831531738544,-0.4229920882447153,2.5873361923215072,1.212310975415293
308,-1.5577243334174904,1.7140697563877436,-0.45074835032701,1.8905428446577197
309,-1.735724890922572,0.3953206541005962,0.2920130305729831,1.8623997454204178
310,0.04184034483419263,-1.10096091575427,0.8814032567603999,2.569027768146555
311,-0.36509763305730925,-0.4702364942825772,1.5785717891574782,1.281899668618641
312,-1.521951451332247,0.11950196716797654,0.6143663762551733,-0.44820937784098946
313,-2.231377931534886,-0.7169423264477951,2.624735135568545,2.8921149582178693
314,-1.506492932113889,0.18593219677188377,1.0993179478672872,3.081410188925365
315,-1.5560802279239003,-1.004688864308325,1.2434025647904292,1.2644801335660867
316,-0.47188043563484705,0.9010662303071025,1.4828058642021564,1.0516656743729609
317,-0.6310478980910477,-0.3117732870464435,0.17804826682636188,1.3158924168568515
318,0.18985869166649083,1.9012770516557442,1.47453140026375,1.416344904821671
319,-2.3420293746255494,-0.4963376828360491,0.07600640799485447,1.43690303499268
320,0.6598542710714421,-1.1723663301337388,1.1081101136946183,1.5637537086162532
321,0.21210707658593964,-1.432585461503687,-0.8279656446988459,2.080913854552084
322,0.4163426251582587,0.6990261834934534,0.5037384174821876,2.5435788592690756
323,-2.3289385501146915,-0.10882458494595586,1.3880727197165932,1.7492066674174696
324,-2.6234736991814422,0.45354347083230745,0.2159303672384556,2.1886415800810477
325,-0.13580890134434365,-1.3205676869201537,0.5251597129260419,2.061441502833256
326,1.1191968838123927,-1.4601122159305995,0.3181888401969901,1.434459053092773
327,-1.9770687815566674,1.7198984467018497,1.4965929619748986,2.149644885524355
328,0.39692210140534967,1.8749340757804744,1.5380187984554952,1.617807055060755
329,0.35567690852598544,1.0417561873797523,-0.5037500224895686,0.6480329848136954
330,0.4118815325934957,-0.6008500801945644,-0.41808661705457495,2.2413819986231216
331,-1.2137882041512391,-1.037920501878991,1.1175929646052623,0.27513609049415777
332,-2.5184886644479603,-0.21155459275197191,1.8562922263071635,3.328882441837568
333,-0.840239448550226,0.5097256728894449,-0.08124082032518376,0.9692294973861917
334,-1.911173726565707,-1.1964094601600828,0.5561900167221313,2.583131362349226
335,-1.9976153072654328,0.4412143615793669,1.7386531809438162,1.528960889168312
336,-2.2894018106933807,-0.3668298723128351,0.3742505193092298,1.5838416096543266
337,-1.1149495698947305,0.09253945669165257,2.2157551535488036,1.8675478819825437
338,-3.780564809556638,0.25784481637256573,-0.31054327567058504,3.127197865353095
339,0.22214691149429378,-1.0762282152239677,1.172556408588593,0.12065583965768756
340,-1.510363104371919,0.38872321782928565,0.1571882438329787,3.3915781979559814
341,-2.967663122224497,0.45900925324820974,3.07548628734093,2.6808415256838924
342,-1.8951614164003106,1.3212741401356634,3.132647487626179,3.5567944265417073
343,-0.4961751148864961,0.46112640680971057,2.1324183524574574,2.306778231952909
344,-2.566435984058836,0.7950523767470454,0.15104317384387989,2.887713716019172
345,-2.2458881355407234,0.0424102498659569,1.2416840308586148,1.2245511115173273
346,-1.7468803721460286,-2.2359167856034956,1.402894221975839,1.9449220957313866
347,-0.6463000565457755,0.14312875239451361,1.4547700755876962,3.846511032865126
348,0.14913496625967104,0.5178425236237044,0.05325958141802223,1.5578192608055246
349,-2.1239553194182355,-1.4190014079806963,0.36784835214739686,-0.0566162714209244
350,0.6182106843281578,1.3770005203722087,1.526824370757728,3.2096611014419785
351,-0.6529255628315452,-0.2713072432986346,0.7095642448069195,1.5919744835223553
352,-0.5121012495235059,0.7036208044795342,2.243541292708978,2.253546468884157
353,-0.12678977923740908,-1.7487689298893465,0.0822901024495547,2.4234482808307227
354,-1.903835705489748,0.029281823402331885,2.0020063783010102,1.9121593291837269
355,-1.0648932538923832,1.3791242866828817,2.485742242216027,2.012333761300163
356,-0.38139672363000543,-0.33996588015004464,0.09262732012487918,0.7560997955543638
357,-2.173955931610133,-1.4110794096904844,0.8955780181978275,3.4193811433350394
358,-1.8144982163923884,-1.0534157799803328,2.6585886732458444,1.7552979192517728
359,-1.488397834638189,-0.1675306274931512,-0.303639803316075,1.6646728279549758
360,0.470981594715117,0.5031129510349248,2.2082112125376887,0.7553839136377491
361,-1.3843646877383429,-1.6205008779577852,0.9683163931194019,2.796869345407802
362,-1.895513744385361,-0.332730148534087,0.8710517750426645,2.461727424791485
363,-2.113766907909202,-1.0847161750430288,1.1457638860182646,2.7599106420183
364,0.1807257450010611,-0.6147638635368075,-0.887410006674066,1.2383299147697322
365,-2.0220899046359495,-1.6877843341110617,0.30810176643378495,1.0340187740467206
366,-2.090225803993307,0.15612373314573796,-0.2339187311322788,2.2567252208199866
367,-0.7853667584465399,1.4896097058561317,0.4595051298289027,1.6408597522545314
368,0.23107580292913643,0.09663958516066588,1.050664445589035,1.9589008374574493
369,-1.4294870724859337,0.9498723028636935,0.3735174739321774,0.6872328164848422
370,0.10363019613526281,-1.0511724555484556,1.43000436423976,0.8644663996722257
371,-0.9639893315238192,-1.0361413096947802,1.0834718192506747,2.4842145408637215
372,-1.3727780346997525,-0.7086146111901207,2.1884381732291747,3.186877233172658
373,-0.04564851371638601,-0.12602738950809877,0.7226502257870593,1.7397498369954667
374,-1.6746681302848603,0.040164940993194516,-0.5429752539411983,0.9202800289776276
375,-2.392587605819373,0.47135247515249634,2.1111994025100445,3.2981787492314267
376,-0.616564888894019,0.8007856938291877,1.641748834288935,1.6789246300297824
377,-1.0992018726930988,0.47851070786107436,1.803344631776224,2.49779542539574
378,-0.9549106931338741,0.12678579992925273,0.6931832332935703,2.6605091947435553
379,-0.6325352737497508,-0.7519491945232675,2.0495693985706165,1.6379081576946044
380,1.645836417605297,-1.008098122713736,1.4505576773731077,2.2335104369681464
381,0.5442093655638407,-0.2623113750932034,0.05995245518899239,2.4594503833225203
382,-1.8667345423199726,-0.25977143548559106,1.021828235638641,2.5377461739085847
383,-1.1120379248073413,-1.8340862921834047,1.1135326156209628,2.1050841474824376
384,-1.7615910874022802,0.784572112691923,2.400326221490504,2.280871834516659
385,-0.16563265064919175,0.08675704850249386,1.2936655582458392,0.6816149754589969
386,-1.5616925488066569,0.8229223824888731,1.4701596474159053,2.0859599760655807
387,-0.7493327092287076,1.1242831128164774,2.335232413816759,2.30580013855632
388,-0.43067079367492556,-0.41094524329567356,0.6002413131968415,0.5395184898084999
389,-0.15109022881738055,1.8651453557469346,1.9243939676127702,3.2024868213308206
390,-0.9071062912472779,0.13738965543334034,1.1638670436136778,1.5918443342107016
391,-1.9051803009038104,-0.9144227116932679,1.2654848317459757,2.1708613718312786
392,1.1125189331669318,-0.20526821469156878,1.4290178614937674,1.8346914710692803
393,0.891088327692924,-0.9174421639095565,1.0575667854685433,1.41119385601713
394,-1.5888281766546208,-0.5055425720330007,1.2409302402045617,2.3174671823511552
395,-1.7843944457872376,-0.7708731363707095,0.6635931545150631,1.638076420597407
396,0.31959160304154133,-0.9272223687633484,1.4548183136863595,2.0540511675918167
397,-1.4498134481997609,2.212093884208789,-0.7068637980653967,1.4354670709324475
398,-1.2402436844693168,-0.12167465992311349,-1.0152689932396006,2.1106445369455016
399,0.6994643299177925,-1.130787954623838,1.5584015298510927,1.8269131658637359
400,-1.672596407692426,-0.8613275574552539,1.3799706187787089,1.423914183455968
401,0.6779436251250512,1.4986924742614052,2.869088415408302,2.517041534379608
402,-1.6625931754831307,0.009894911497947325,2.0547890246642915,1.523673890487183
403,-0.7980135050568631,0.13793982456659334,0.32670350478248766,1.1337275850037614
404,-0.9976352304860674,-0.2547666939464339,1.5058550639932942,2.8814752514857633
405,-0.6633982654714212,0.9382114667752295,-0.2130730730576189,2.6407272362134218
406,-2.697534370034485,-1.5265478540144486,2.061773824136197,2.1366260852277073
407,-1.3956413026292542,-0.001633256543935128,1.339059416308799,3.2661870447358865
408,-1.92097040535869,-0.21928969865163983,0.8713054548250293,3.429285909836966
409,-1.8905018502537299,0.13700976441929177,0.49298952815777364,1.0362404111691284
410,-1.3777918095853519,0.9811423722597649,1.574456376049136,2.955212293238107
411,-0.844862224372575,-0.8313549545834178,0.6424505413805088,-0.04158805610494554
412,-0.4739019892184402,-0.08297572951631363,1.022907744189426,1.0902067926439791
413,-0.4605216720060614,0.018351811909937826,1.4744408268158817,1.928417288300341
414,-0.060426141242792886,1.4483054980143342,3.1470236572355623,2.4179363641076126
415,-2.0892930347473584,-0.8123254707909648,1.795686768406442,0.7602118924535537
416,-1.0622464243651246,0.4350219557086406,0.6244251111580599,1.0507956403353644
417,-1.0529965936153265,0.7787524349326168,2.2615853399024957,2.9406042567167106
418,-1.3870946243298077,-0.4167959325196106,0.6675990067525289,2.382896752659936
419,-1.9302013095487598,2.7745614187735517,1.3745117944802479,1.4957914861455137
420,-1.8497018384656387,-0.02499111557858555,0.35176751969554254,1.1488676907624678
421,-0.3309829972550683,-0.5265301489559323,-0.44198499662654434,1.5613029130036444
422,-1.452683987977025,-0.6694847301330977,-0.6025155941335236,2.5042569812123663
423,-1.5571206333968277,0.6754418527813886,1.3913532378670197,2.7447919467806705
424,-0.8563297595403149,-1.6148114180288504,0.8992378724491117,1.6259910480772826
425,-1.8246696545228973,-0.38331838888172176,3.323457948971024,3.6989417184726316
426,-3.4373382605659173,1.6246761765551514,2.034912423328425,0.6444241133547495
427,0.06847644226587568,-0.5044767002977685,2.7605226861561736,1.0196193223344086
428,-0.07240961522428935,0.9936428617503176,0.24743392491079852,3.323751973359224
429,-2.4116658851076673,-0.5098221156512327,1.8164867773773894,2.101596261386221
430,-1.629033042962,0.7069144838805783,1.0514133743512721,2.704899600278719
431,-1.3335126591949373,-1.9604827520813186,2.426483673359905,1.3763299149822128
432,0.29886609175738066,0.10258189347638517,-0.2148849741981187,3.2688588021894227
433,-0.5927695787816435,0.06722505548848365,1.0180913696749032,2.568383428583629
434,0.5452446189161861,0.09012518101701276,1.0294296805500087,2.553043872954853
435,-0.8410736103438795,0.7296707688772568,0.6160187492448991,1.0607315841107705
436,-0.8443013487957358,1.270847005891045,1.6733544925708,2.2363987965217174
437,-1.3138148326876873,0.9804510000209923,0.8710981445250774,2.5769375775869308
438,0.6866098493173098,-1.4599169465031792,1.923904524348763,1.9723175205519614
439,0.5025776558110995,-0.42372254302722345,2.1299443735736068,0.7163165078441089
440,-1.4508770301344747,2.4114765445343527,2.294599169188505,2.03506525110437
441,-3.046198531368096,1.0574840952556661,1.8207581225484368,1.8721696975592326
442,-0.2959187513760947,-1.312277289355181,1.957218198518127,3.334545282931214
443,-1.5968702740061471,1.5056720338846206,-0.3180467017034698,4.118003643056584
444,-1.319666711638125,1.0620608461117664,1.7184966403631754,2.566546726431066
445,0.3715043576984913,0.7169301359589322,-0.09062635545642284,2.6791074265564485
446,-2.0209162794046955,-1.305953859155731,2.4178099508660793,2.79970423301578
447,-1.0827552874401805,-0.3901789464382194,-0.2510280002630789,2.5640356864322014
448,-0.823498850981164,0.9559522079709892,1.4647749171362907,0.13848388133223644
449,-1.7067506023481123,0.327525718243383,1.0069629217862086,0.029566569802112364
450,-1.1589843213638602,0.944817887827274,0.3035776969501356,3.827646132408983
451,0.3543388633296949,0.30994481539761803,-0.25695124791498136,2.5162239304949803
452,-1.2141859883527686,0.6435345875351051,2.0191093553018,0.27716272374287754
453,-1.399917439877803,-1.079952879706149,2.1408934801600585,0.5006079315120777
454,0.027841879018217552,-1.6843248182928792,1.617412930494325,3.0302459851806396
455,-0.394668020966911,-0.6189287349837143,1.525200627990787,0.9266726064431707
456,-2.284786168999534,-0.43601088770968166,1.3943770322874482,2.2089787607612457
457,0.19103275768918437,1.9253106128800002,2.08944921206907,0.010043141154719937
458,0.27860205740413546,-0.9097315382923529,2.3979012005226816,1.1265825117437214
459,-1.2462520916790079,-0.7435930380372633,1.6569243859081682,1.1558111794155104
460,-1.53845728999155,0.04551146919529121,0.5062345849282792,0.5205966819392815
461,-1.2868299943264623,-2.695317848668588,1.0815819460666807,1.3413159422238365
462,-0.6678607000159478,-0.4158607775751147,0.8335587897712304,2.3635810036817992
463,0.32144777216357356,-1.3146905733255263,2.401382915950264,2.24616259871725
464,0.3895494206534622,-0.2417107244440242,1.8915043008904195,2.951469366746135
465,0.055745848323578207,1.11905939156496,0.7526964779041172,1.5717409156146245
466,-1.85005773193653,2.1868508426715523,2.2238752897182366,1.1004185604856702
467,-1.1638421524502305,-0.36141147218261743,0.11179223974920038,3.3216919597462624
468,0.5630892854788474,0.755502761805354,0.2437362201367248,1.4049529008291701
469,-1.6859491443299683,0.020368581986873083,-0.1701716170597909,4.405717972813338
470,-1.3978085521498338,0.14120513708777402,0.25208000797022123,2.2484948839760985
471,-1.127823100942292,-1.0169774417278787,0.9169494007801672,3.196558671292422
472,-0.8504543289391109,-1.8751030201913963,-0.6429040855840817,1.6101309360880425
473,-1.361661690714464,-0.07293577909331624,0.972462110726966,2.5545411641701006
474,-1.3340455973122116,-0.641596785739815,-0.6814263398191269,3.044925305882377
475,-0.5347190520382337,0.6176218368766508,2.0838240706142797,1.8557130291500996
476,-1.6640499726390794,0.44244144589924944,0.34646262050126886,1.7206683142367787
477,-1.0292687969456997,-0.4071247721088621,-0.23404649979648262,2.516989492917909
478,-1.9250222796924092,-0.19939253042394625,0.19888915691677123,2.1275396199079837
479,-2.283507039309848,1.068626527589908,1.1035938990214806,2.482306659103494
480,-1.7294303528504782,-2.03971321465166,-0.034466493858996916,1.2937470883265847
481,-1.2955814521928009,0.9739269914607086,0.8542231071964906,3.1384409498055645
482,-1.1386729643590765,0.2231003137454087,1.7840866716844856,2.0216105622984597
483,-0.8588617034736585,-1.2024581079101766,-0.17144487664154862,3.184818410279054
484,-1.4576881742750136,0.12693176394387815,0.32115275708460056,1.0639607895388774
485,-0.3271647571357399,0.5645013712352394,-0.11048810009872811,2.1518464588409714
486,-1.6236701828409867,-0.6436537348918816,0.7469328796760721,2.1851023529466223
487,-1.197250572681474,0.6339962611542398,0.03261206929002092,2.3074502644692823
488,-0.1647831614951788,0.45610373531953546,1.9578029894853735,0.7095666622780343
489,0.6354713882437948,-0.31492275793022173,2.5100934941271813,0.8709360096661676
490,-1.4715352104993176,-1.0500988738795747,-0.24579443286152847,3.8166106719827924
491,-1.1184665255664195,1.015177293127115,2.409708557766881,1.7914063429518623
492,-2.271796453085881,-0.16011859344213195,1.9827150556141626,1.2375832698467304
493,0.0830950314238812,-1.0257520769389097,0.3114000465737381,1.9548543205894056
494,-1.552238228265913,0.28020181457698756,0.675016673410109,1.3014741816724917
495,-1.8939645652618005,1.012733500173776,2.5820229848907923,1.0291160431918271
496,0.08516138789049998,-1.432997559551314,-0.4764219198440429,0.010337456249453147
497,-2.7278013975597863,-1.1739475410752025,0.5271948609961228,0.8483013316518178
498,-0.7909702192674237,-0.32636512758564656,1.3406802224040208,0.7649147092114106
499,-0.029102411786553706,1.4761985719307962,1.953117982007854,1.9880152001435447
500,-2.6145780419244824,-0.20969318683320667,1.95618126686434,1.2902074026709367
501,-1.0440524919707879,-0.8888688399536164,1.0938967552889372,2.3814190713884456
502,-1.430369711527825,-0.6182776960100588,-0.6751836252970977,2.8382204752757514
503,-0.7182762640210268,-0.8006405621456681,2.3704460314285245,3.7810545743653163
504,-1.7459545088079333,1.1052801614696959,-0.16305616555507663,1.2584420897505946
505,-1.9444200582151896,-0.00536198510632844,2.7753249021838147,1.9726503650724334
506,-2.4016212861154855,0.19463774982531876,1.9076888185532848,1.7392021496275203
507,-1.5401441852279323,-0.41682391834497007,1.7853505169221073,1.773130957407466
508,-0.25863812474059833,-0.10973525469510112,0.09151485864157005,2.501086329647357
509,-1.5018330793485486,-1.1002996234072528,2.0307442643657847,3.419916611588617
510,0.12609404315173034,1.9736353282391044,1.744300807951118,2.0803540162459537
511,-1.3906668633117258,0.418957105851577,1.1421558285644775,2.2160286910854663
512,-1.6766254175100022,0.5093165470622782,1.206962233215628,2.98240873991804
513,-2.6283612087003614,-0.19051206137028556,1.7995202872445877,2.307431220324701
514,-0.18775556331152587,1.1047003870705503,0.8673991573695592,2.4055307832609785
515,-2.3462356155497424,0.14193174207317738,0.4898639672825753,1.2110145934589844
516,-0.5749969667179486,0.2676772207093912,1.3303885098403478,0.920707231227166
517,0.16334754079554958,-0.8992577675758944,1.211774220235471,0.7990879804558226
518,0.4003680664361593,0.4699451085049807,1.780217434550055,1.277738523370237
519,-0.6691147767689096,-0.6145254064467952,1.3825311023589175,3.4884435264413343
520,-0.5789605218472502,-0.6809932562410967,0.882889344180016,1.4669250737530308
521,-3.3115881627497648,0.8400161546577177,2.3488671318976024,2.2952830290682744
522,-1.949512529272032,-1.0482034392360693,1.106384223321783,2.7867576001473315
523,0.33958235366651657,-1.0009245400223752,0.32163488950431374,3.546573425303473
524,-1.2715170807117302,-1.0514821955100218,1.0797557013413968,3.0827607630919944
525,-0.8560644657643328,-0.09086981080592742,-1.2895035878208971,1.4179900256301434
526,-1.6332514727689058,0.201104450309313,0.6038934126695151,2.4511072293434717
527,-2.9370536865115744,1.502230132182571,0.7145337585824431,2.2577714321277242
528,-1.8248547020351276,-1.9972049877659028,0.9461443916166344,2.653372554083016
529,-1.2135363134315917,-0.8788649792582633,1.2522723946536163,0.7639593926044901
530,-1.3508656792721019,0.5776513101328117,0.5978724174879012,1.7818276525979393
531,-0.6845872821016976,-0.6981151633717582,1.3328850838112039,1.523351177867389
532,-2.651279314125302,-0.9424691120456267,0.17561879904610678,0.914694990136057
533,-1.512989116546482,0.6427090060705563,0.10844782741613068,1.134791730252847
534,0.14685147561308498,0.2707751514154091,1.399143139831678,2.21784943498916
535,0.35597840719589247,-0.580497976818721,2.624510360170535,1.8691923863975402
536,-0.3592450427574533,-2.141046713772727,-0.5255292366450335,3.5607956530699214
537,0.8387431603907005,-0.4786527455147883,-0.11199441577654956,2.7700265844173573
538,-1.3667106066658148,0.4695524618138995,1.579493104969134,2.409292397838324
539,0.04089832999899179,-1.1645816058318919,0.7290100266946206,1.4780500028768735
540,-0.6280554428363503,0.39266475034124915,-0.37059983530469953,2.495486997653571
541,-0.7639285308671533,-0.335819417689097,1.8368875202709525,3.632144082437647
542,-1.5036153859482115,0.5614670463521392,0.6193440685463283,0.6074569175207187
543,-0.36869124611412907,-0.7015139901748212,1.4622372789821019,3.014213272985324
544,-1.7826568310020736,0.9253158326387904,-0.3395973422211913,3.346876832898524
545,-1.4543236698394981,0.09580716175340216,-0.6607103453720364,0.889211499667987
546,-1.391645621078011,0.033527845488686245,1.4653261245807843,2.3011704356514637
547,-0.42476683119036596,1.6208563029356522,1.5611860527293735,3.30105697606166
548,-0.8897769609794599,-0.2620587288971171,-0.376925574082849,2.7866958278205396
549,-2.6579333275731627,-0.8073500456767954,0.2287103254185614,2.552037658529343
550,-0.6459292260142062,1.3247594868427748,3.402979443086949,1.748905226816012
551,-0.24703736980644797,0.5893611797333569,0.7649974313414578,2.263558762322164
552,0.4944247436585689,0.6919440241170384,1.2828495658740944,0.4962614576957973
553,0.028541288732498504,1.5115136695527507,-0.055081918743705494,2.036093162823074
554,-1.6506504269892526,2.2383548357602083,2.413398334672645,1.8383173507731598
555,-0.968444490653873,0.667240565217684,-1.875979339420513,1.4424831288098037
556,-1.5657259612555632,0.29913188108038385,0.36152643687891284,2.6400210834553306
557,-0.5080325212823615,-1.005851624378654,2.3864594890073665,3.8088380914742297
558,-0.8322892912722997,0.45323491666451377,-0.30729587832526395,2.8374837725950246
559,-1.4841616524788102,-0.9599041258723523,1.3723845741250866,1.1300188954336652
560,-1.9422981278174132,1.8177339823852754,2.465387546666485,2.0784526139072197
561,-0.5250883202559045,0.17076192668519208,1.2734983426569473,4.144761435627165
562,-2.5446480977396515,-0.5694766670514051,2.7536451544517524,1.2219460716337478
563,-1.3630698547174753,-0.5742259669489156,1.6615651719121656,2.087985741171365
564,-1.9843933502808346,-0.9244540623486499,1.9996877190140507,3.337761463720378
565,-0.900131234135885,-0.09626978312970853,1.1234320997047391,-0.0023529695895199154
566,-2.03678999152958,-0.770502373380861,2.586804553378789,3.4670502595593398
567,-1.2734285240374799,0.032173616773128626,1.3522236059098203,1.3527334617101348
568,-1.3965414153595797,-1.1566343453803711,1.0104721409288875,3.1026999521343277
569,-0.980173859234976,1.414979751897256,1.977656179968303,2.7185995356177046
570,0.19828165587520563,1.2742487770878053,0.8738037080343444,4.05832853071802
571,-1.0609520205000313,0.8894165071619271,2.0735609154913597,4.520390508040027
572,-2.5999797718145032,-1.820763507373212,0.5850316092030641,3.086104846202361
573,0.426261321283983,0.5757539731533392,-0.4046896044661319,1.8613685012615315
574,-1.339549750990267,0.3646440202870373,-1.5726247019641764,0.8867618463870584
575,-0.9236621440784054,1.049371568283856,0.2507733807062038,1.760090032568231
576,-1.9052711497180366,0.05378177121357806,0.26913266846612593,2.738841380118413
577,-0.9783375817529308,-1.783493395408161,3.065500576444543,1.764219819845734
578,-0.797952994228825,0.1714832362825304,1.2104239178730491,3.015988139419008
579,-0.6991702187157899,-0.5870525769440885,1.7108606170168772,1.2923749082134326
580,-0.968431665820183,-3.107717252535132,0.34504969810684494,2.4119571312725485
581,-2.4140171827165533,0.06764191997679465,0.21830526559104135,2.433291596960621
582,-1.9123601064626108,0.44655638804349473,1.9019087728503652,2.3093816471259347
583,-1.7792571920257299,2.0036282602614963,0.8994058077412816,1.870529756063534
584,0.6960736598164381,-0.08193639822818027,0.46955087412103746,0.8125242407925324
585,-0.68950823146422,0.2946160741888889,2.0386578828882076,1.4170588837906917
586,-1.2560322181251165,0.8632273403132493,1.3147390745697263,1.8531905478670914
587,-1.4199222784224497,0.19353523858066046,0.5642748036468859,3.7445228501956365
588,-0.43056858790368835,2.632526106206604,0.3730359205265317,2.475191529513264
589,0.9126000764019444,-1.806851026562666,2.2527133511674413,2.4577306100838108
590,-1.5996560693787667,-0.31568666003494894,2.303362650252815,2.210419340056633
591,0.86019625468521,0.9168107187099485,1.3963594753141433,-0.04200689009859282
592,-1.3941513973140665,0.6640020162724007,2.248160941954322,0.441735510297419
593,-1.3493283444477555,-2.7463783123332832,-0.6191028318899392,2.0629262682706275
594,-0.005028033328429049,0.37121013109329515,2.0050901986196052,3.6135003685240092
595,0.47422057552654984,1.5718482857398777,-0.50837735518692,0.6219694881737958
596,-1.1125308004215153,1.189599773609096,-0.4675659509531338,2.6149015559473625
597,-2.539881017655692,-1.3414677251693587,-1.298228765438072,2.911945265309472
598,-0.2762818827056247,2.047747372533054,2.0749800959616786,2.6901962620300446
599,0.7128210475958223,0.6653999618614949,1.9574203916586876,1.9742720941563403
600,-1.5924578557434361,0.29639565694804776,1.8894549772467835,1.5935607372532477
601,-1.2207115748477377,1.1171015007856535,1.2927218012644432,2.7730391727461163
602,-2.9856952282797216,1.6207149557444414,0.23997297275077223,2.766306934675924
603,-0.1322120975091634,1.4766438728280038,1.9148545164248403,3.211305362925266
604,-1.04757940584001,0.028694664144830476,2.463650047293331,3.944408902322528
605,-0.5545175324276819,0.9954517754910871,2.4180829978815566,1.2996114620834218
606,-1.7927540320862088,0.26626800292162284,-0.09448339973250763,4.25495399356216
607,0.8276620676670838,-0.9586226000179442,-0.11565892302164804,2.020926733514935
608,-1.0671503151098736,-0.859862708142345,1.3121429955035067,0.9198552007122396
609,-2.7059351411880974,0.09358189465625567,0.8946965623536967,1.0035732188781228
610,0.22481067356603535,-1.6618782151883114,1.553251709219441,1.0189353131271641
611,0.8656556144695882,0.5972927333823651,1.0109191951544427,2.514079835689341
612,-0.8050114536906184,-0.02103057066336527,0.010947964803420307,2.800129518686161
613,-2.191258263316959,-1.2999373333433124,1.0581092827792529,1.6600417672915362
614,0.3605082793893395,0.45482662937080953,0.420622804200115,0.679389385994057
615,-0.965651040356625,-0.36738410884641265,-0.5066741476774088,3.7379242081766764
616,-1.6182838759886713,-0.6704381577072597,0.769777347764555,2.8041481905888554
617,-2.891606857170824,0.5837607950098447,0.7953142524543213,3.018115428561807
618,-1.6543702765316577,0.6225921352175174,0.2214355175238104,2.391396043825004
619,0.19932857379245483,-0.5205519547234354,-0.197071532490678,2.2184628319378428
620,-0.30237488202958784,1.8533463073522571,1.9694624812530792,2.3158450970216
621,-0.6417703198032215,-0.6219221455527624,0.7829849921665115,1.8003838756517214
622,-0.9595636933764295,-0.7526956756615191,0.4232432875758566,0.9257194466595615
623,0.66502377415247,1.6414566075776917,-0.16857263929058197,3.2187758546439484
624,-1.0941192011216703,-0.52454069819559,-0.7932015894430509,1.5070257452278477
625,0.15644332378190606,-1.2294297233831033,3.205034141752979,2.887111793705019
626,-1.102029507307422,-0.11776668035221831,2.352680830449329,1.5116775231985817
627,-1.5019115357516541,1.3490068762840581,0.15829572642027123,4.551125729174569
628,-1.2581907801223173,-0.025798128390426292,-0.4945437685258358,4.107905296518643
629,-1.9660816853126954,1.4585621353511538,-0.2536638995733853,2.423072913590072
630,-2.878092460906793,-0.018544148550192242,0.8244821111576368,2.219478565289727
631,-0.5864893442149987,0.8858198122456034,1.3447951267540659,2.403604417618023
632,-3.1664045004165313,0.120139601185699,-0.6252476852134305,1.8711143528230159
633,-2.3664192391834558,-1.018738747537937,1.532434941649729,1.6655494799751387
634,0.5742831045742718,0.4983535812418073,1.3792738898901402,2.3452431379832532
635,-1.3968476678319475,0.505185724772294,1.4629410539837442,2.375468232121116
636,-0.8328304461366014,0.1835403287606405,1.6241136123595863,0.8184302151285241
637,-0.7293013749540016,-0.029954611703976012,0.47521155376972823,3.790864935998065
638,0.13813304855344266,-0.20254693777039245,2.7118300171427387,2.9173651249890105
639,-0.7539548436569166,1.0084360966502495,0.3489374674006469,1.8239454478037798
640,-0.25698740731695235,0.175994771375313,1.260198831465308,1.8167491289369417
641,1.6676703372589747,-1.2656878775995575,1.3353326860362489,1.4365468240875894
642,-0.7519657212341287,0.24424746768186534,2.6742532050830157,1.6041620824729268
643,1.0229424175436117,0.4150144534580235,0.3678247415966942,3.1943966411296394
644,-0.12106299129937637,0.31391577537149057,1.456218649898117,0.7423702774624201
645,-1.7859596364842236,-0.5994546709719033,1.3156911951047072,1.2999125768344297
646,-1.7737239894628025,-0.5802761587771667,0.6657749408038105,3.5154850799844057
647,-1.6912256414912532,0.04363804240847841,-0.7223674884526028,2.82982518456587
648,-2.721451121149188,1.0972399999891258,2.267610071602366,1.5392519168015713
649,-0.8949194844181515,0.5514223623707778,1.7853905714725828,2.9012467168918263
650,-0.8888133495589502,1.1807480458267179,0.09540697134755372,-0.17665677035468574
651,-0.7047834105338693,-0.789550014261974,2.699340413903404,1.1328658976672552
652,-1.2662373727359313,0.26272855725654637,0.5447305172257579,3.566747991656676
653,-1.1562692929331304,-0.6031600920287491,0.06318675346907798,1.4701102261787564
654,-0.9405749727841369,0.44918159105876254,1.8354568932994546,4.970295141658633
655,-0.44886823790249897,-1.2405439517048849,1.5836227063462078,2.1674735379749857
656,-2.1092468560410502,0.7580974600500412,2.299003016859579,4.249595327068345
657,-1.7524526392732716,1.2830683631254305,2.831257643524424,1.6262081273092819
658,-2.973999484591567,0.2326871634541797,1.0103912737627578,3.7565011118972746
659,0.06661352904147888,1.887789718869096,1.2553197571691392,2.6569042237025675
660,-0.7082955595252252,-0.5349616734353415,-0.12874018907186024,1.7048712930675372
661,-2.3397568569050575,-1.3487895258777036,0.557658744449095,0.7231588093979637
662,-0.8538468821744348,-0.1910928478185041,-0.5012883793162313,2.8998200425370113
663,0.17507754024137334,-0.3515582759912958,0.05654537842402774,3.54232549589928
664,-3.2284763411253348,2.0466458549971627,-0.8503174172715866,1.8950459310389651
665,-0.7813470412692127,0.6239882570820546,2.393900608541456,4.685641657943576
666,-0.20279630525472792,0.6083094969996521,1.923809863804935,2.9935702725382916
667,-0.7159769691087571,-1.0402901791740384,0.6086230810956106,0.8170552464911816
668,-1.7430617963811268,-1.1144679267815107,2.5263516290022348,1.2791229200354863
669,-1.3378898824870566,-1.270665450688775,1.981238980486816,1.3269211801376413
670,-0.11395463252277893,1.4652466623799676,2.0931137232364296,2.7779851373609032
671,-1.1803265776699423,0.37970989369282326,0.8924062786153403,1.8113551133807921
672,-2.029060185369956,-1.6848276385749301,-0.13120810505787106,1.7125592835281698
673,-0.0687658825820815,-1.1509435073919057,-0.0072307862412148705,3.2621087534523405
674,-0.4465627972505528,-0.8950231666031193,1.4781499641474394,0.3486327235584057
675,-0.8876594215387287,1.7202716424614046,3.50827939012953,1.4560218798782856
676,-0.1441174371005184,-0.6122708440996745,2.7495226850691386,1.7522745869055325
677,-1.026666182830065,1.475183314143719,2.004275783099203,2.715828555049268
678,-1.006928764665177,1.1005409563204975,1.3469010831211212,3.013699238491129
679,-2.407736475805032,1.2954891679290723,1.6181982554179142,0.9361453230470962
680,-1.6040759728993952,-0.5978663048498339,-0.8801910894617306,2.1054309577560253
681,-2.5000067951424025,-2.3866946452651407,0.6693469375291151,2.064566528673736
682,-2.2966780126004527,-0.6913280873185809,1.78991526372951,0.26849349824226043
683,-1.7055392531690323,0.11485666092976306,1.1283079032635674,0.6962061457310038
684,-2.3152679035142434,0.5542924636887623,1.846152122001417,2.207609572637974
685,-0.059830625546490546,-1.1245057051992617,0.7960752870531755,1.7050989065462152
686,-1.1135731850915627,2.748016549329189,2.1672632737298017,2.126173937048288
687,-0.16435574362182315,-0.30469468099271835,0.19232718408873917,2.7805263726176666
688,-1.5929861183706646,0.9110483729749014,1.303068020830955,1.0626778010335622
689,-1.0014505161998077,0.6854583854310285,3.6168806608345245,1.0566726857683486
690,-0.7872404144622125,-0.6599135376423191,0.7832667535165525,0.9854047389095195
691,-1.0917943721844567,0.33623008203381494,0.5577386190026699,1.385504905217043
692,-1.4709481074657118,0.3440586845298092,2.319417446591734,1.1514786504060002
693,-0.9171538013241685,3.4089318963627324,1.198438818239953,1.011077462296533
694,-1.5976229284554222,1.1893643939885639,0.8394666620369918,2.400041747287368
695,-2.1884557588828075,-0.9671770868693762,-0.46936962031859686,3.476358644868425
696,-0.7411606527280515,0.6173144636227804,1.428068287235075,1.9638867419685613
697,-0.9617122379382907,0.318628030618544,1.8495260754893956,1.8231911150211373
698,-1.8749987211058863,-0.26888766953201126,-0.43703217380554293,1.9070953996422844
699,-0.7689960705575728,-0.3856060919391773,0.9952986451373438,1.1272595166695254
700,0.4062864787409768,-0.8207290056759854,0.6524836255945223,1.455985873175192
701,-1.0124560297477594,0.04985976699329053,1.7010869789339895,4.354556894754648
702,0.6990721373400881,-0.997866071019012,1.5657186518395265,1.9088642517136365
703,-0.46405947096493816,-0.6605827500900013,0.2858271072628402,2.700633846897149
704,-0.3291741399760315,-0.02234710510810793,0.6641103169042997,1.2889570175595215
705,-1.512566493923739,0.5559892699266931,0.7603289247224438,0.8287314419153857
706,-1.6825448522304223,1.4746492114286467,3.172068093665078,1.7744377630667303
707,-0.7251285478398168,0.21243030062348245,2.8227159031978326,0.16636092302883743
708,-2.0026061983989765,1.5769729660896339,2.5157972067844625,3.669060271829619
709,-0.6513437316044774,-0.18573073956180328,0.9458695350373174,2.63567688096242
710,0.10002876465430943,0.9819256638821394,1.7895629280758323,0.5712965482088375
711,-0.3482653720965737,1.1548416313139336,1.3024183264184657,1.4526940422905104
712,-1.1690047434060975,0.33258413600935616,0.8291387144613743,4.0384832430243005
713,-0.24421730401074015,1.1582512283639905,1.5252061586368573,1.564966840347132
714,-1.7521415675004044,0.6141674791416117,0.41762839030924304,2.581574709431629
715,0.2879517267660696,0.03673100352028915,-0.49737993140462433,2.7267082706156884
716,-1.7332369634625924,-0.8147646267573316,2.7777767375286677,1.850515422896121
717,-1.467443811149247,-0.19295886803578072,0.2138402291388536,1.7459770525280423
718,-3.1036921929927126,1.3117459447089,2.263604351476425,3.541506455955798
719,-0.4063059033078025,1.2040485592563337,1.5560518808472739,1.5629421807594506
720,-0.9742724399128923,-0.9493011399671816,3.6672913233134743,1.8837941032002108
721,-2.8812455701445705,-2.5156145001984647,1.712349093842744,0.6531987266757362
722,-1.9623637183814957,0.6999127638234062,1.2077108318119696,1.6088109122382206
723,-1.6509250950829304,-2.0184957479120116,0.6037235800684793,3.864687735906566
724,-0.7204508224540587,0.1315930126198729,2.845095264113069,2.6321617545497573
725,-1.7570730943285833,0.9601275286170157,2.2837067209149535,1.6023450445661045
726,-1.1125366879470469,-0.2443441809521726,1.0831010132893384,1.8436180927954557
727,-0.13602831361203127,0.45624339048251167,2.10043834423511,2.270719749784968
728,0.22294104713017937,-0.22806261109020926,-0.5024174572550784,1.6673464510589995
729,-2.865167238658607,-0.9263888826652078,1.0100970927077344,2.128758873235571
730,-2.091374636946422,-1.0885058471373936,2.678687599649023,2.4383749329207203
731,-1.9426960454969726,-2.0634256570471132,1.297927777974035,0.8227990631430122
732,-3.096038840423377,1.3389550994128638,0.5594670147065492,2.076177717626726
733,-1.5060014556991348,-0.8571373680179428,1.7348873363416764,2.5810612113647196
734,0.05539208187850342,0.2604608781983667,-2.193260702140739,0.6040490661650839
735,-1.2940769294009267,-0.6739754434035372,1.5107351936250861,2.4896698736982525
736,-2.3122759089242404,0.07490508538850496,1.3630413440618965,3.127526545553677
737,0.7332704813543471,0.7966393932739214,-0.05446453049935429,3.366421649569246
738,-0.9501499071536184,-0.14713769102408764,2.7535760609497877,-0.1197078084511749
739,-2.5723902079988257,2.2319490216967983,2.230504559982351,0.891121270602016
740,-1.7720278692887554,0.14927732424256102,-0.5895716893883272,1.8385140533425899
741,0.2667681593757585,0.3575866074618541,0.05822896711769354,1.2503614699974697
742,-0.24397542885750723,-1.8634707148229832,2.178183231047159,2.6960780796850665
743,-1.7198525789504493,0.7144728872514263,0.22699460480442502,1.1863640980420804
744,-2.0223800691532143,-1.0760054513507555,1.9728269241031662,2.0418068784541927
745,-0.4142779754276116,-0.5825375911704656,0.7932451333863562,2.8270313862417367
746,-0.11524361410385764,-0.7532371076459391,1.357904030612013,1.681579755046692
747,-2.2931375923059187,-0.03894152802266923,0.04189745768508879,2.9684634968727392
748,-2.352426409694287,0.6150910716978993,-0.3640424815352652,1.4637664390227096
749,-0.8766819732544161,-0.6384080254172968,0.15498201492920904,1.6108549074646366
750,0.20927979300319244,-1.025279925507853,0.44337183213837417,2.479080026266413
751,-2.8450253122744633,-2.2612296269141408,0.3664870993002287,0.6756739600126622
752,-1.3871314829615153,0.029119165556739636,0.19971115933511507,1.7278775076098776
753,-1.426652145328846,-0.3466883045367852,1.628923951128862,0.7137302145303515
754,-0.33498142572106904,-0.6746268156861485,-0.35578834367920864,4.092244155094462
755,-0.05584692969640137,0.40699826493607943,2.615539730000539,1.458394437298062
756,-0.3782574930927741,1.9786711056130175,1.8092175014671423,1.3619828438379034
757,-1.5777920035192956,-1.2505760831633816,0.6645661811789157,1.6387944408377757
758,-0.9231824625670659,-0.5350577839576345,0.20626773053669556,2.6643657736589335
759,0.029431068452376197,-1.1671784796757467,1.7231140481128953,1.5169053150677305
760,-1.3960352110330119,2.064972532995389,1.1149383967332704,1.9258397752173535
761,0.6520941601249852,-0.5671465449046721,2.6992519982487275,2.599914025486061
762,-1.299156293807712,-0.5412640806912574,0.16151863952318568,-0.6772033726136724
763,-0.33691106749160993,0.1649446712668156,3.5498908765657142,3.9370771970017833
764,-2.13556796720093,-0.3463687177776256,1.1160412472355918,1.4935731008670812
765,-2.109126846940594,-0.06538267009375168,1.8409425866387634,2.697224757981305
766,-1.8030853505858426,1.3371239258203118,2.242773530775619,1.4971113913503316
767,-2.2703436080852133,-0.6087509403164632,0.10514450143659781,2.7985440576993796
768,-1.01787170360687,-0.42064484465762964,0.43595244531877075,0.7464629152761082
769,-1.6506588379889817,0.6704729689392095,0.3914222099437822,1.8104108175164764
770,-1.4120140330598254,-1.7422316758810348,3.2689690185117892,1.2013022243427138
771,-0.8485197267728154,0.38273118659068345,0.9102131972207006,3.1889420417003493
772,-2.3352503054481915,1.3615189890385369,1.9683091515476872,1.2987176371749487
773,-0.3958949492271362,0.8285281657804618,0.2196095115101765,0.937386939715771
774,-0.5170905641421355,-0.5561544559941684,1.9708393229736836,4.671445712562127
775,-3.763837564773551,1.0444121944013791,0.3313483597593093,0.7309874438696302
776,-0.02331205722743035,0.31847148814259285,2.5793671124792277,2.6579471585786885
777,-2.9404428335171477,-0.015342801967757039,1.564706991858968,1.2411637360791825
778,-2.3195394873284494,-0.12585173786001672,-0.3026921855658167,3.5070970277108544
779,-0.48180085156323227,0.6836561513375876,1.0449877908140073,0.957530242904195
780,-0.6950269475381163,-0.8476988445217876,-0.49626235600673185,1.0138547255187254
781,-2.1546053716231146,0.6271376489563368,0.4460835710738371,1.8960572429431781
782,-2.5919081232013053,0.34167452893932115,2.576694968046264,1.094131140174746
783,-2.3194864282411736,1.552340379174942,1.2641074549638553,0.9007312209412697
784,-2.7463174412123403,-1.3381759936529716,1.1530002506257435,1.8025541122109798
785,-1.2748476017292545,-0.12669260664928603,-1.7465257176301399,0.5534483419449332
786,-0.13669167176854258,-0.03864047632779936,2.5624263645594008,1.4358321775185146
787,-0.9995123391576007,0.7778517839561531,0.30282311916215776,1.6217315438618272
788,-0.5285539462220582,0.04936291573208499,1.3419010632195032,3.4084192686845682
789,-0.3555866182708505,-1.3932548321558804,1.8011107378646325,1.7685651125753075
790,-1.1904052597561903,-0.03390167085586443,0.5272861862365479,1.070698863277065
791,-1.1043042333401443,0.31165132942767537,2.2522313724286755,3.134993223230057
792,-1.3015765512403852,-0.3666602557533392,1.2262719502344346,3.741588374129146
793,-0.9340126913756126,0.22102896556760618,1.3185618052137638,2.5000643110177814
794,-1.0988001356696655,1.5491748268461059,1.350384349455969,1.9357426657004013
795,-0.9500069841068669,-1.9963870869031057,2.0415942600011725,1.1422974418581537
796,-0.3545535133985107,-0.47117600409277655,1.6155410029585902,0.9938086518500449
797,-2.3127349175054457,1.0885214987937566,0.8857536292114424,2.621392722581609
798,-0.4807658653990866,0.4584378558174286,-0.678434314508801,2.888480171062003
799,-1.9986401982331876,-0.1520006745091714,1.7704668117803442,2.392780739631553
800,-0.004765317496677857,0.17893208445213468,2.2253801684543277,1.1222765174773472
801,-0.5253176852961772,-0.4923235288213968,0.8049996506930533,1.6525847472502653
802,-1.3632831516674768,-0.4369097933413879,0.6883015790124689,1.3170601414447964
803,-3.3687208397500017,0.6977260234572562,0.8587696562740915,3.5183499759685084
804,-0.7554995655514245,-2.4454471469367274,1.699244489545956,1.8472564370544708
805,-0.0034329716036562985,0.3086035658486668,0.3988878658326267,1.0868399560968243
806,1.178657622471003,-0.19361927202625998,1.559838361647878,2.6718298444209188
807,-1.3413919336830737,1.1753035234838296,0.6850464936590707,0.6746378986868793
808,-2.0701517067653423,0.560990683907866,0.07475117017425814,1.65107400777588
809,1.099141860889243,1.8909323828723845,1.1988392806232573,1.7194023428467848
810,-2.1550241098753604,0.03838527386160783,0.9973148428030726,1.4916450046694036
811,-1.0013719351574915,0.8244152246540666,0.6412818236499366,2.410261732231622
812,-0.6638416659201878,-1.1910077061952984,0.09532762614838197,2.938672753519133
813,-1.343393411165293,-1.5166114911888895,0.9580695920056048,1.831109957623154
814,-0.9132916003952367,-0.8900943790220521,2.7017754965472385,2.4492964366441887
815,-1.2670506191773017,-1.3611176208097355,1.3410003225770204,1.5875968120315975
816,-0.4984739026841183,0.4796935290261705,0.4542971594653532,3.075481593765704
817,-2.7098157818659523,2.4735423479270215,0.15594414713885907,2.6499966657455767
818,-1.5008658496094403,0.21842848696414813,-0.41157012686051453,3.2106655616223705
819,-0.28100217781846304,-0.04551121829697702,2.241919887719488,4.449160631384986
820,-0.7079771017118284,2.5719275605763223,1.0115197954816153,2.97981889963758
821,-2.05757843667596,-0.48842556190318126,-0.06806464614753249,1.2726580519307569
822,-2.425944043063689,-0.5862671907828729,1.809312881629579,2.221110727615873
823,-0.6276138811145002,0.6254868430256303,2.0262631072615056,0.12264442846215307
824,-1.295516995924046,-0.2975654190848428,1.2998587841210645,3.5689462162565384
825,-0.4644099553571357,0.5253361666928595,0.27445763433953807,1.2845037182674743
826,-1.2551729123387354,0.8079881708728942,1.9407124350144658,-0.16219066484428613
827,-0.5472224434092324,-1.833167788338442,0.8790856952145947,1.4443169342105742
828,-0.45499952058775295,1.7766415448208834,-0.0031039668980925583,1.3648414129521294
829,-1.7145607352710943,1.4465511786973573,2.137450807452468,1.2245867231803191
830,-1.2729734846903176,-0.8392012836542003,-0.9013789886771146,1.897845760556924
831,0.012386115690162125,0.15454875623353276,0.3260969858235957,2.258349118421687
832,-2.7939588971576503,1.248507960383601,3.0251376186002155,1.3985650620936916
833,0.4373870328896985,0.6899109662247792,2.910415394726459,4.118977357780717
834,-2.6260466951312402,1.5100978219064787,0.7933878951154842,0.8230053939555999
835,-1.3727434347018859,-1.478570559300694,0.6897809624253375,1.8560503129228183
836,-2.1018125263063054,-1.2627259424364423,-0.14734350197634383,0.7891732318101037
837,-0.7019213331575362,1.383293679066856,1.3934489398473262,1.254668930548045
838,-1.9242002576549047,1.6999817372900075,1.0424943049956388,2.9236150372792906
839,-0.004898516532476194,-0.6962347756171692,0.06066035525013336,1.7481067931535392
840,-2.4571293074156757,0.5164935273445307,-0.5024727049917079,1.340821105430099
841,-1.7109619192804968,3.012575718028855,1.8385341255359324,2.623084823644482
842,-0.14332061804455676,-1.1169532533759094,2.5426224666571953,2.3013278380859004
843,-2.4741572346248684,0.48532599477588406,-1.5282970973342231,1.63179598285278
844,-0.22017241194852533,-0.1261958556370519,2.906340670686943,0.8186487026269544
845,-1.964171050232997,-0.3343704946778765,0.42616509355092036,2.403718617668399
846,-0.3373782960836419,0.11481251246475999,1.5110430895876075,2.7156317943624986
847,-1.6538819299250966,1.5020128581651686,1.705767567865318,1.4734069648000054
848,-1.0809394581256089,1.608821675186416,0.37939350717855524,2.6223275870431277
849,-1.0721870646686986,-0.09514887893931953,2.357289429839515,1.817589661240656
850,-1.5264731473554563,0.9637105001699767,1.6336439137730463,1.9295892005101252
851,1.0132952992006241,-0.2756220249840837,1.068226076677488,2.039471711919673
852,0.21441466034954293,-1.3094044968219019,0.8756531465300549,1.8246310600302338
853,-1.5771300450905805,0.874937512063231,0.08937216317278729,1.7217728919674684
854,-0.7229979833291633,-0.16330573046668376,2.3225569386751115,2.342728026548083
855,1.2524920573884537,-1.3958105711491466,0.5124182575196852,1.3765020787810913
856,-0.05795769031961595,-0.38213926196893855,1.265556989561928,1.7266324342128827
857,-1.8731679202594225,-0.1469096975854965,-0.045577984500137614,2.6621157466183707
858,-0.4465882067936804,-0.004668947075073056,0.8188580336488112,1.627027302240136
859,1.2211668376558027,0.9275679348793673,0.8663009871195614,2.8271223277821376
860,-2.0739344271415643,0.06913491104030302,1.4488673063613233,2.235233557030605
861,-1.9178590466713352,-2.606127693718031,1.2764054833692118,3.4837112213741235
862,-0.778544747302916,-0.5615772960293611,2.3459531522719552,1.1426322145085175
863,-1.6728750416993052,1.9079084604909788,1.209883417001107,2.141685862120614
864,-0.6770247709509205,0.32409315830712015,0.29919223707616915,1.9790478776779352
865,-1.32031913814287,-0.5384508150872744,0.9256783038828688,2.838562400602182
866,-1.498310488133231,-0.7564460706256331,2.0645824264423815,2.566660758175205
867,-1.74776776529247,-0.19134865829922595,1.7201940534393092,1.946317536708825
868,0.03658378712395405,1.3903055296297189,1.0643968128165977,1.180461910930195
869,-0.5985415049660753,-1.7234307560866187,0.028247766796810292,2.5920103285257645
870,-1.676454474037378,-0.2056366184649494,2.075349520045166,3.4998423861614927
871,-2.108104072890559,0.4730483463189893,1.3008605323294185,1.9183575219551205
872,-2.953160831963831,-0.868208099102571,0.9364881030691297,1.2491966148444766
873,-1.9862858349434402,-0.07538042540928601,0.5990913818387089,1.6080500410023344
874,-1.4288617752492452,-0.3870853687255547,0.47538365581507325,3.25178914344468
875,-1.1262123091976797,0.7429782430869634,2.7538414913249967,3.3261638721577262
876,-0.8751922750888463,-0.8124102896581648,0.5566522244775672,0.987573415436265
877,-0.8701137794630068,0.0023924390009260796,1.6358475696267143,1.6599330087493795
878,-1.2571058682784897,0.8315812113809928,1.8634700049919586,2.145735647147694
879,1.285976641670978,0.7774387653539474,2.2005067587879292,2.190241153664793
880,0.5771280390175515,0.19627476495793617,1.3765362066634603,0.24278718463976046
881,-2.0987195930374005,-0.11680445689801512,2.0360778517163354,1.7426178430212391
882,-1.4760594506049105,1.1303326909804934,-0.1017815748842914,2.287303616154004
883,-1.0766921440473511,0.7540035509740004,0.5313547455062997,3.493481863142826
884,-0.20454506452230337,0.7876686092491244,1.9837034452684055,3.073953723825797
885,-0.6943577819418223,0.6348704524637141,-0.42150246813542136,1.233575589196914
886,0.7682136911581765,-1.4535374546456112,0.9534476574937578,1.5703402188102056
887,-1.4672617909076835,-1.6459849463177312,1.2674871192480668,2.3155118209016448
888,-1.411590477809636,0.7145176364875139,0.5892619265684849,2.4927276787815864
889,-0.27106187894892897,2.3350904188685213,0.6386002047610448,2.6063820152861843
890,-1.50838770861324,0.8753031090108342,0.968842810372188,1.679064370735328
891,-1.964277664748157,-0.29802960756695945,0.22545294887168843,1.2701050686293227
892,-0.7531357921155025,-2.081135453238342,1.9739404350431502,1.1637984093868798
893,-1.4033297858915508,-1.4240939545365936,0.8489848692905273,2.562774307538488
894,-2.0684784894211843,-0.4504568460650088,0.13880390527714648,2.3215899241757008
895,-0.011812328646625292,-1.6487810329409782,1.6451809876618997,1.8632780863646223
896,-0.3350188642773265,0.6527220906163534,2.178590856485928,1.9615144293624813
897,-0.4559788202309213,0.2928939766981311,2.759496923211662,1.0054265962685647
898,-1.0201164336826916,-0.018197545273577333,-0.14073780974690697,1.694111620773323
899,-2.020108061698874,-0.353482165809578,1.7834960721597422,3.1327251471151523
900,0.032248502821877745,-0.6115274019317497,0.400428697726268,2.183535270865036
901,-2.1658073855988587,-1.2312138324951665,0.0341382703671419,1.57171195503252
902,-1.3306551485605975,1.727009255166715,1.3368981523590657,1.869619538523216
903,-3.227042549524288,0.7392792075426139,2.4070726252392225,0.05321809938541944
904,-1.418125910798635,-0.4178242771863206,0.8208022816528295,4.113586524338084
905,-1.0005119834583904,-1.6060852452889043,1.2972790593452124,1.8087516471883158
906,-1.8019773029329658,0.3810501204629915,1.0104289815290761,3.1059386758281144
907,-0.26076540262793557,-0.9888162166570414,0.015606748936825565,2.550394001127218
908,-1.5467271139540708,0.10453159995089843,0.7340679844760916,0.16272784434187693
909,-1.7145054250461196,-1.0749570935358959,2.985364528633067,1.9776354079166438
910,0.07850846696900282,1.5671986833880946,1.3776651196424563,2.966460276952717
911,0.6307108534799726,-0.9011555590720268,1.7817519566135713,3.0857225343997623
912,-3.085474556853319,0.28834333604645795,1.1110319397231412,3.6328796125445484
913,0.6724948660292835,1.2344847965745034,-0.294424835750426,2.253648868422795
914,-1.9318955430006115,-0.6549194758464914,0.654583554137943,1.3220087866851689
915,-1.7706333130794984,2.1662884097526534,0.42823488392819076,2.15754515794223
916,-0.7509576000294228,0.6998384808333846,2.043664816080814,2.2263702493353144
917,-0.7378095467215002,-1.7530877888117564,2.4012978951591077,2.613096200807432
918,-2.3122813603794565,1.7081175663429393,2.985318971588279,2.9035559281568166
919,-0.927072677833034,1.1944320268087782,0.8265159237832699,0.8365644200977194
920,-0.25079037204348886,-1.4247616450001739,0.5130032432054228,2.494055561801658
921,0.7038158518205975,-0.39289783018092667,0.9833200790428106,1.5235646069016466
922,-1.4051085727069752,-0.7282627249926245,0.2959203868204462,2.771920632031968
923,-1.0671608814766222,-0.9467333236035786,2.258255455796279,-0.04972815518849272
924,-0.4804874859618109,0.6985889978975001,0.21116591838903997,0.5021716022353937
925,-1.6120930205954411,-1.5796816298801424,1.409936762073567,0.6019913804057717
926,-1.7929452742997767,-0.01990339903524552,0.8737482159738297,0.48759274953482556
927,-1.1853976815375522,0.07683519889064434,0.2701012550409275,2.481285351646416
928,-1.315675114076474,-1.3295843200456643,-0.582693114442786,1.3360030661514974
929,-2.274483272022407,-2.47599735736611,0.551924048500919,1.129141380984537
930,-0.8749519666136014,2.8837444783351653,1.2161583478561466,2.075148140574463
931,-1.6311603042791698,-0.7561590586919462,0.15212305213223187,2.470335985533068
932,-2.136549260920165,-1.3637575086087044,1.2235467844370704,0.8126240168464802
933,-1.1730869185534796,0.8887157419127251,0.9993851114480433,2.525942621675772
934,-2.4089638880585174,0.9642116126574137,1.7518466306511524,4.405206009778241
935,-0.3216634838011315,0.7895782398135364,0.6355407303811806,2.172016481792213
936,-0.11087450964602519,-0.5117973275625776,-0.08447721669407571,0.9795903607833232
937,-2.5237289745990212,0.7488165943589437,0.5607415078810845,2.356637639006333
938,-2.42542398353772,-1.4618215075651264,-0.1753032340554741,2.4378264856188756
939,-1.044122118871216,-0.9572625224815241,0.776863244288601,1.9836971611651295
940,-1.8090358879562756,-0.3874217608394633,0.49589577859656975,3.198886112994973
941,-0.6862012774307227,1.7083265830962762,2.7934429332165878,1.8390517707524654
942,-4.384667091376512,-1.0951701089195789,1.094099665439729,2.5954419652263674
943,-1.758198852363945,1.033147501170437,1.2681707641884803,1.3833824391705587
944,-0.03301971499552048,0.24187812445876292,0.48991339155823455,2.5516977890973016
945,-0.45702592765022376,1.3917404569412513,-0.6582891014781642,1.1956958003054536
946,-0.014940383196151097,-0.9016049187848081,3.0494555251048423,3.2653198457764017
947,-1.9020915360249275,-1.645584031272572,2.129295978562629,1.1798718781127682
948,-1.0210023611403332,0.12520309632051574,0.4998420590116617,2.4013859888773665
949,-1.1972390784490108,0.2278746446184253,0.4133222885061819,1.352906663263929
950,-2.477476716841588,1.2413002989483637,1.8606804759648115,1.8444411478634255
951,-0.44378455144521034,-1.186292716957692,2.1224108957068664,2.95065438928057
952,-1.6323488466101859,-0.18531110837533762,2.1697203933057114,1.595309345334309
953,-1.73966771998301,0.3016756061935192,3.5032434105159656,2.661738742511674
954,-2.1461285837336606,-0.08849635642408275,0.7118378202679332,1.5021805866892946
955,0.0320382346394128,0.6507266074798811,1.0331308500676961,2.086601022857106
956,-0.49439082545576196,-0.5204106919811793,2.7758344115717564,0.27072815757077584
957,-1.0674903386510801,0.9763762272471924,1.0876970009050146,0.9549332958286696
958,-0.16465384937412275,0.7451707986557455,0.7572877053290169,1.7305028999908612
959,-0.06145974575139346,0.9550823166652582,1.4139027070928814,1.1732939064185102
960,-0.93029822948067,0.4412153310049607,2.75649444485341,1.8170050850022221
961,-0.4009157348461645,-1.6072084159047324,0.6962417056846985,0.8535337113491035
962,-0.1876528846537091,-0.22172596564290464,0.180087737545782,3.7947412997565446
963,-1.1887521977049331,0.19339413778805656,1.3123197171515841,3.329432218316998
964,1.0143767165669688,0.6568323030003894,1.5204484118517323,2.0433792828770656
965,-1.8826047945564364,2.6929794134728424,3.0680252381270825,0.6730199191601123
966,0.0027993176294616173,0.9933699208531847,1.4076923620432482,1.5412636057957603
967,0.14578124898332878,-1.013751369393109,1.9941785977825561,2.661726572351943
968,-3.1715374993781067,-0.039011808663324654,1.8932722539157973,2.260114053901909
969,-0.23045472354414331,0.8238298107232297,-0.03715996117065701,1.4056558282097873
970,0.18658173525384236,0.6770039365971419,1.4121841006344573,1.9015861675047423
971,-1.524246733943091,-0.023954676295921247,-0.4707019885575503,2.928547805268785
972,-3.4314744626062543,0.9222151903288776,1.4315162644194626,0.517510549443509
973,-1.0830055071941858,0.7173444528607261,-0.3437817447704137,0.9022411317245385
974,-0.8390141596667309,-0.8107146696897877,1.3887340640763066,2.109588311686802
975,-1.170876203572605,0.5364437677361658,1.45459280324849,1.4743022966670876
976,-2.652940871054189,0.5891401303844784,-0.7552974290759931,1.797088173715647
977,-2.683886031252383,-0.5309711115043663,0.3019622111312783,3.2562314461171367
978,-1.9816928698209142,0.27229623837703004,0.8646169401749816,1.3564041986798903
979,-0.3151076617636477,0.2742640558339198,-0.3239413140040681,0.05219780163655985
980,0.022783227636531844,0.46203804568651274,2.158371301922346,1.146017799557012
981,-0.8540577024404923,0.03486229102448175,1.342755483003563,3.501147405744109
982,-1.3810032597031572,1.1887867828749408,1.6006217608731423,2.284426899848184
983,-0.5733230376109941,-0.7623303270948524,0.8340872710321823,1.1311434601723573
984,-2.100365754995007,-0.31033043039810415,2.1835021376485235,1.4100812197986352
985,-0.7396837498784785,0.1544671409112945,0.2665249058116178,3.5280054583983653
986,0.0367407949941263,0.3638164658592131,3.189430216546343,0.7450454096260113
987,-1.1813518547430748,0.15183753785125248,1.805533941319358,3.2001511718926094
988,-1.6443426300703845,2.4412881573013894,1.2098466964525347,3.601879357352493
989,-1.118881793889626,0.3964718622284462,0.7511250402034373,2.396705908414594
990,-1.9467535770236521,-0.2652516845274868,1.4939563376450165,2.4679929521755266
991,-2.2573508773213296,-0.8747589493286254,-0.6233969201608951,2.5535518370563306
992,-0.14040395393374394,1.185980153433087,2.2949091829233836,1.0582229028536094
993,-1.9043332814627347,2.4538984058770907,2.0805038121505977,1.5386577191951176
994,-1.9258702817437494,-0.6074564792313496,1.4266147556696496,1.3989101755103348
995,0.5022144896490648,1.108457482084049,0.4790054584374287,3.19650671059576
996,-1.9033451452413286,-1.074704975484886,2.2451406969557692,2.5961713671616864
997,-2.195369452486332,-0.9975754006086308,-0.5113924669296623,-0.2103847034844284
998,-0.7752404008075929,-0.1105890539185002,-0.2622491396983939,0.4937501501177375
999,-1.3907934747623028,0.4219974000418656,-0.5066106258974823,0.5370890459832431
